{
  "Component-dbg.js": 1727013377664,
  "manifest.json": 1727181656892,
  "controller/Main.controller.js": 1727172466031,
  "controller/App.controller.js": 1727013377676,
  "model/models.js": 1727013377676,
  "Component.js": 1727013377664,
  "controller/App-dbg.controller.js": 1727013377676,
  "controller/App.controller.js.map": 1727181657092,
  "controller/Main-dbg.controller.js": 1727172466031,
  "controller/Main.controller.js.map": 1727181657106,
  "model/models-dbg.js": 1727013377676,
  "model/models.js.map": 1727181657095,
  "i18n/i18n.properties": 1727013377672,
  "Component.js.map": 1727181657102,
  "Component-preload.js": 1727181657187,
  "Component-preload.js.map": 1727181657187,
  "view/Main.view.xml": 1727171278108,
  "view/App.view.xml": 1727171123704,
  "css/style.css": 1727013377680,
  "index.html": 1727013377668
}